id,nombre,edad,ciudad
1,David Jones,86,Nicoleshire
2,Angel Larsen,59,East Kimberly
3,Joseph Cruz,75,Port Holly
4,Lindsey Elliott,87,Webstershire
5,Angela Adams,57,Mitchellfort
6,Alejandro Jackson,58,Allisonport
7,Johnny Butler,18,New Amandaberg
8,Carol Davis,66,South John
9,Matthew David,95,North John
10,Lauren Watkins,98,New Melissafort
11,Walter Cline,85,New Jamesmouth
12,William Sherman,33,Youngville
13,Christine Marks,84,West Robert
14,Samantha Oconnor,63,South Curtisfort
15,Derrick Ramirez,88,Lake Kimberlybury
16,Alexandra Mcmillan,72,Johnsonstad
17,David Heath,25,Lake Richardchester
18,Thomas Yang,55,Fordport
19,Joshua Torres,87,Nancyshire
20,Jacob Hernandez,80,Kellyborough
21,Jorge Smith,45,South Jessicahaven
22,Ryan Mcclain,78,North Codymouth
23,Javier Saunders,50,Lake Mark
24,Amy Sellers,29,Port Juan
25,Barbara Martinez,79,East Christopherhaven
26,Kathleen Adams,48,Tannermouth
27,Rodney Young,53,Lake William
28,William Smith,84,Susanstad
29,Taylor Martin,36,Alexandramouth
30,Scott Boyd,58,Phillipsland
31,Kyle Gibson,89,Russohaven
32,Jessica Swanson,38,Matthewside
33,Emily Flores MD,84,Lake Jessica
34,Laura Norman,49,Karenside
35,Mike Sanchez,41,Campbellhaven
36,Dawn Brown,27,Deborahberg
37,Amy Long,90,Martinport
38,Joseph Patton,55,Davidview
39,Sara Goodwin,39,Williamsmouth
40,Nancy Burch MD,84,Johnton
41,Carrie Watkins,20,Romerochester
42,Matthew Olson,70,Davidhaven
43,Christopher Mccarthy,85,West Robinmouth
44,Courtney Brandt,47,Montgomerymouth
45,Kimberly Hamilton,71,Matthewport
46,Henry Woodward,20,Teresaton
47,Taylor Harris,93,Christopherland
48,Michele Stevens,80,Noahland
49,Tina Porter,43,Perezview
50,Krista David,34,West Tiffanyport
51,Stephanie Cain,82,North Brian
52,Christine Gomez,95,Port Justinmouth
53,Theodore Anderson,85,Millerfort
54,Alexander Miller,69,Johnburgh
55,Michael Bradley,54,Franciscobury
56,Michael Sexton,42,South Lisa
57,Jon Graham,21,Robertborough
58,Danielle Williams PhD,68,Katherinemouth
59,Andrew Spence,32,Gonzalezmouth
60,John Frey,44,Blevinshaven
61,Jacqueline Parker,81,Anthonyborough
62,Eric Cox,24,Port Cameron
63,Anna Warren,83,Vincentshire
64,Bailey Carey,73,Blairchester
65,Mallory Carroll,88,New Donald
66,Amber Lucas,65,Wilkinsburgh
67,Mario Reid,75,South Patricia
68,Maria Reilly,43,South Leahton
69,Eric Bradley,26,West Cynthia
70,Crystal Cox,30,South Michaeltown
71,Anna Burns,50,East Maria
72,Mark Johnson,83,Port Cameron
73,Jason Moore,85,East Chad
74,Terri Marsh,19,Port Thomashaven
75,Joan Robinson DDS,51,Rosstown
76,Daniel Summers,36,New Davidside
77,Donna Patel,20,North Seth
78,Felicia Taylor,44,Wrightport
79,Sandra Williamson,91,Lake Lisaberg
80,Carl Smith,62,New David
81,Gavin Ramirez,37,Maddenmouth
82,Laura Mcdaniel,37,Lake Jeffrey
83,Cody Carter,18,Lindseyland
84,Mario Davis,27,Lake Vanessa
85,Tami Olson,32,Stevenbury
86,Mark Robinson,48,East Karen
87,Jeffrey Soto,76,South Michaelstad
88,Tracey Stafford,60,East Benjamin
89,Joan Rodgers,42,Haydenport
90,Elizabeth Daniels,67,New Anthony
91,Mary Yang,91,Tylerview
92,Ashley Mcconnell,57,Castrochester
93,Ashley Morales MD,36,New Melissaland
94,Danielle Roberts,72,Lake David
95,Robert Norris,66,Amyhaven
96,Dustin Howard PhD,88,Wallaceland
97,Megan Nguyen,67,South Kennethtown
98,Ronald Williams,19,Donnamouth
99,Mark Wheeler,90,Rollinschester
100,Melissa Hogan,40,West Benjaminbury
101,Eric Garcia,94,Timothybury
102,Ian Jackson,36,Chavezside
103,Mrs. Stephanie Mosley PhD,51,Christopherview
104,Shaun Garcia Jr.,24,East John
105,Jamie Murray,58,Kellyville
106,Debra Wright,26,Carrillochester
107,Eric Cannon,49,East Michaelhaven
108,Bailey Bowman,47,Heathermouth
109,David Sanders,25,Markfurt
110,William Spence,60,Suefurt
111,Steven Silva,61,South Stephanie
112,Dr. Howard Wade,65,West Joshuabury
113,Daniel Page,68,Ashleyhaven
114,Louis Drake,79,Jonesside
115,John Lewis,85,Danielsborough
116,Benjamin Williams,43,Port Ginashire
117,Randy Ramirez,48,Hoffmanland
118,Brian Shaw,25,Alexanderberg
119,Jeffrey Howard,36,Lake Melissaberg
120,Dawn Farmer,62,Lake Allen
121,John Randall,47,Kennethfort
122,Gregory Palmer,65,Alexisberg
123,Brandon Gutierrez,22,South Tanya
124,Jamie Gonzalez,96,Courtneyfort
125,Sheena Williams,19,Port Valeriechester
126,Natasha Ruiz,38,New Richardfort
127,Sean Velasquez,47,New Oliviafort
128,Gabrielle Allison,85,Amberstad
129,Mandy Sawyer,35,Joshuaview
130,Emma Smith,23,East Ericbury
131,Donald Lee,65,Port Patricia
132,Dennis Romero,51,Port Susan
133,Steven Mullen,24,Josephmouth
134,Michael Kane,75,Caitlinburgh
135,Tracey Patton,80,Lucasmouth
136,Bailey Reed,39,New Anthony
137,Natalie Miller,69,East Joshua
138,Bonnie Stone,49,Lake Edward
139,Austin Miller,61,Lake Sophiaview
140,Cheryl Schmidt,62,Halltown
141,Rebecca Glenn,83,East Sarahside
142,Jose Brown,91,South Kennethtown
143,David Bryant,18,Cortezmouth
144,Anna Simon,91,West Nicole
145,Miguel Young,75,Kaylaside
146,Kelly Price,49,Port Vickiechester
147,James Moore,62,Abigailtown
148,Mike Matthews,71,South Charlene
149,Melissa Gomez,93,Samuelton
150,Samantha Esparza,52,Brownfort
151,Cesar Herman,69,South Beckymouth
152,Devin Woodward,26,Chelseaburgh
153,Shelby Pace,99,Escobarton
154,Jerome Miller,62,South Aaronmouth
155,Jennifer Vega,73,Williamville
156,Kevin Walter,92,West Nicole
157,Christine Camacho,26,Millerbury
158,Tracy Newman,37,Christophertown
159,Michael Adams,56,East Ericaton
160,Angela Moore,47,Atkinsontown
161,Dr. Michael Velasquez II,68,New Shane
162,Derek Green,30,Brennanchester
163,Gary Phillips,89,Vegaburgh
164,Amy Reyes,88,East Kenneth
165,Ann Peters,87,Mcdanielstad
166,Douglas Evans,86,South Justin
167,Ariel Ortiz,97,Margaretton
168,Susan Farley,84,North Cindyberg
169,Brandon Schaefer,27,East Haileyport
170,Kenneth Rice,86,South Jeffreyberg
171,Alexis Obrien,84,Valenzuelaborough
172,Andrew Farmer,46,East Christopher
173,Janice Harris,50,East Thomas
174,Christopher Gilmore,81,New Kathryn
175,Charles Reilly,80,West Jasonberg
176,Mrs. Katherine Mitchell DVM,70,East Sarahmouth
177,Gregory Adams,94,Erinberg
178,Cristina Gomez,72,Jesseburgh
179,David Parker,53,South Danielhaven
180,Katherine Blair,23,Jacksonview
181,Monica Jensen,53,South Jesusborough
182,Henry Delacruz,48,Woodsberg
183,John Mccoy,22,South Jennifer
184,James Watts,49,New Jasonside
185,Neil Ward,86,Port Kennethside
186,Emma Fernandez,45,Port Elizabeth
187,Devin Thompson,23,Cunninghamchester
188,Emily Williams,63,Allenview
189,Kristine Nichols,49,Rogersstad
190,Nathan Fields,71,Courtneyside
191,William Hoover,32,Garciahaven
192,Dr. Rebecca Jones DDS,68,South Michelle
193,Jordan Herrera,28,West Jessica
194,John Padilla,94,Davidborough
195,Debra Riley,19,Gabrielleville
196,Nathaniel Vasquez,64,Port Meganhaven
197,Paula Lee,33,West Williamton
198,Linda Smith,85,Christineburgh
199,James Richardson,67,Loriside
200,Melissa Schwartz,70,Paulfort
201,Paula Houston,82,Dixonhaven
202,Laura Randolph,42,Amandaburgh
203,Adrian Hudson,22,Susanmouth
204,Christopher Foster,20,South Annaburgh
205,Jessica Mejia,58,Angelaborough
206,Dr. Michael Brewer PhD,36,Port Anna
207,Brandi Rosario,99,Davidland
208,Madison Williamson,26,Colemouth
209,Alexis Cox,90,Foxside
210,Zachary Walters,27,South Geraldchester
211,Ricky Diaz,60,Mccormickmouth
212,Shelby Hancock,30,Powellmouth
213,Derek Tanner,76,Chelseaport
214,Charles Walker,50,Waynefort
215,Robert Caldwell,99,South Christianberg
216,Jamie Fuentes,47,Port Donna
217,Barbara Mckay,66,Kleinshire
218,Steven Wilson,57,Fernandezborough
219,Heather Barry,20,North Staceyberg
220,Dr. Darren Gregory,47,North Kimberlychester
221,Timothy Brady,75,Jamesburgh
222,Jesse Morgan,87,Port Christopherchester
223,Tamara Cisneros,93,West Jeffreybury
224,John Hamilton,72,Garciachester
225,Gregory Smith,25,North Deanview
226,Sherry Rogers,78,West Rachel
227,Evan Pham,24,Port Seantown
228,James Hughes,47,Kristineport
229,Gregory Rangel,34,Danielport
230,Wendy Myers,38,Randolphville
231,Mitchell Lawson,86,East David
232,Renee Ellis,24,North Madisonview
233,Thomas Smith,74,Buckleymouth
234,Amy Baker,53,Figueroafurt
235,Cristian Bradley,90,Roberthaven
236,Tasha Green,77,North Samanthaport
237,Laurie Perez,22,North Daniel
238,Elizabeth Jackson,99,North Jacquelinehaven
239,Amber Murphy,89,Lake Rachel
240,Kristen Berger,76,Kellyhaven
241,Raven Gregory,39,Lisashire
242,Christopher Rivera,50,Douglasburgh
243,Hannah Smith,93,Richardside
244,Sydney Macias,97,Port Teresa
245,Jennifer Taylor,40,Jonesside
246,Sarah Kim,58,Berryshire
247,Raymond Carey,69,Ronaldland
248,Cheryl Gray,65,Norrisfort
249,Paul Lee,59,South Charlene
250,Elaine Simpson,21,Williambury
251,Rita Lam,80,South Matthew
252,Ashley Jones,41,Oconnorville
253,Julie Costa,72,Amyview
254,Isabella Boone,77,Buchananmouth
255,Danielle Richardson,44,Lake Johnbury
256,Kelly Oliver,89,East Miguelstad
257,Jorge Davidson,18,Andersenstad
258,Dalton Crosby,62,Sonyamouth
259,Jennifer Newman,51,Katietown
260,Linda Whitaker,65,Stricklandmouth
261,Brenda Martin,95,South Ryanland
262,Yvonne Quinn,51,East Gregoryport
263,Cheryl Howard,76,West Amandaville
264,Mrs. Tracey Dominguez MD,75,Angelaborough
265,Nicole Boyd,35,Bennettborough
266,William Franklin,49,South Kimberly
267,Gerald Young,41,Harrisport
268,Brett Jackson,77,West David
269,Taylor Blevins,29,West Paulachester
270,Emily Cantu,79,West Michael
271,Ashley Peters,63,Lake Travis
272,Paul Cantu,54,Graybury
273,Meghan Colon,76,Wellschester
274,Joshua Jones,56,North Brandonton
275,Carol Flowers,94,Lake Jillianshire
276,Andrea Vasquez,21,Port Tinaborough
277,Scott Lutz,41,Swansonmouth
278,James Williams,73,Tonyafurt
279,Kelly Mendoza,34,North Maryfurt
280,Robert Jones,66,Martinfurt
281,Darren Dillon,65,East Jeffrey
282,Dr. Amy Rogers,74,Marcoport
283,Brian Mcbride,40,Lake Josephhaven
284,Ryan Chavez,83,East Sean
285,Nicole Ferguson,76,South Kristin
286,Bobby Hancock,44,Maryhaven
287,Kent Oconnor,52,Jonestown
288,Ryan Acevedo,94,South Lisa
289,Joseph Harris,71,East Joseph
290,James Cohen,66,West Nancy
291,Barbara Anderson,75,East Makayla
292,Timothy Bishop,60,Petersonville
293,Jennifer Anderson,59,New Steven
294,Tanya Johnston,23,North Jasonview
295,Brittany Bernard,78,Derrickmouth
296,Julie Jones,77,Dixonmouth
297,Michael Foster,52,Perezstad
298,Kevin Craig,65,Robinborough
299,Cheryl Henderson,20,Lake Melissa
300,Jason Lee,60,Tammymouth
